<?xml version="1.0" encoding="utf-8"?>
<!-- $Id: helloworld.xml 14 2009-11-02 18:35:20Z chdemko $ -->
<extension type="component" version="1.6.0" method="upgrade">

	<name>My Re Cart</name>
	<!-- The following elements are optional and free of formatting conttraints -->
	<creationDate>November 2009</creationDate>
	<author>John Doe</author>
	<authorEmail>john.doe@example.org</authorEmail>
	<authorUrl>http://www.example.org</authorUrl>
	<copyright>Copyright Info</copyright>
	<license>License Info</license>
	<!--  The version string is recorded in the components table -->
	<version>0.0.7</version>
	<!-- The description is optional and defaults to the name -->
	<description>Description of the Hello World component ...</description>

	<!-- <install> 
		<sql>
			<file driver="mysql" charset="utf8">sql/install.mysql.utf8.sql</file>
		</sql>
	</install>
	<uninstall>
		<sql>
			<file driver="mysql" charset="utf8">sql/uninstall.mysql.utf8.sql</file>
		</sql>
	</uninstall>
	<update> 
		<schemas>
			<schemapath type="mysql">sql/updates/mysql</schemapath>
		</schemas>
	</update> -->

	<!-- Site Main File Copy Section -->
	<!-- Note the folder attribute: This attribute describes the folder
		to copy FROM in the package to install therefore files copied
		in this section are copied from /site/ in the package -->
	<files folder="site">
		<filename>index.html</filename>
		<filename>myrecart.php</filename>
		<folder>assets</folder>
		<folder>controllers</folder>
		 <folder>models</folder> 
		<folder>views</folder>
	</files>

	<administration>
		<!-- Administration Menu Section -->
		<menu>My RE Cart</menu>
                
		<!-- Administration Main File Copy Section -->
		<!-- Note the folder attribute: This attribute describes the folder
			to copy FROM in the package to install therefore files copied
			in this section are copied from /admin/ in the package -->
		<files folder="admin">
			<!-- Admin Main File Copy Section -->
			<filename>index.html</filename>
			<filename>myrecart.php</filename>
			<folder>assets</folder>
			<folder>helpers</folder>
			<folder>controllers</folder>
			<folder>models</folder> 
			<folder>views</folder>
		</files>
	</administration>

</extension>